{
	"character_superslot163_0x01":  { "File": "character_superslot163.bmp", "Rect": "3,3,50,53", "Center": "25,33" },
	"character_superslot163_0x02":  { "File": "character_superslot163.bmp", "Rect": "57,3,50,53", "Center": "25,33" },
	"character_superslot163_0x03":  { "File": "character_superslot163.bmp", "Rect": "111,3,50,53", "Center": "25,33" },
	"character_superslot163_0x04":  { "File": "character_superslot163.bmp", "Rect": "165,3,50,53", "Center": "25,33" },
	"character_superslot163_0x05":  { "File": "character_superslot163.bmp", "Rect": "219,3,50,53", "Center": "25,33" },
	"character_superslot163_0x06":  { "File": "character_superslot163.bmp", "Rect": "273,3,50,53", "Center": "25,33" },
	"character_superslot163_0x07":  { "File": "character_superslot163.bmp", "Rect": "327,3,50,53", "Center": "25,33" },
	"character_superslot163_0x08":  { "File": "character_superslot163.bmp", "Rect": "381,3,50,53", "Center": "25,33" },
	"character_superslot163_0xba":  { "File": "character_superslot163.bmp", "Rect": "435,3,48,64", "Center": "24,44" },
	"character_superslot163_0x9b":  { "File": "character_superslot163.bmp", "Rect": "487,3,48,56", "Center": "24,36" },
	"character_superslot163_0x9c":  { "File": "character_superslot163.bmp", "Rect": "540,3,48,48", "Center": "24,28" },
	"character_superslot163_0x21":  { "File": "character_superslot163.bmp", "Rect": "593,3,64,56", "Center": "25,33" },
	"character_superslot163_0x22":  { "File": "character_superslot163.bmp", "Rect": "661,3,64,56", "Center": "25,33" },
	"character_superslot163_0x23":  { "File": "character_superslot163.bmp", "Rect": "729,3,64,56", "Center": "25,33" },
	"character_superslot163_0x24":  { "File": "character_superslot163.bmp", "Rect": "797,3,64,56", "Center": "25,33" },
	"character_superslot163_0x86":  { "File": "character_superslot163.bmp", "Rect": "3,60,48,48", "Center": "24,28" },
	"character_superslot163_0x87":  { "File": "character_superslot163.bmp", "Rect": "56,60,48,48", "Center": "24,28" },
	"character_superslot163_0x88":  { "File": "character_superslot163.bmp", "Rect": "108,60,48,48", "Center": "24,28" },
	"character_superslot163_0x89":  { "File": "character_superslot163.bmp", "Rect": "161,60,48,48", "Center": "24,28" },
	"character_superslot163_0x8a":  { "File": "character_superslot163.bmp", "Rect": "214,60,48,48", "Center": "24,28" },
	"character_superslot163_0x8b":  { "File": "character_superslot163.bmp", "Rect": "266,60,48,48", "Center": "24,28" },
	"character_superslot163_0x96":  { "File": "character_superslot163.bmp", "Rect": "318,60,48,48", "Center": "24,28" },
	"character_superslot163_0x97":  { "File": "character_superslot163.bmp", "Rect": "370,60,48,48", "Center": "24,28" },
	"character_superslot163_0x98":  { "File": "character_superslot163.bmp", "Rect": "487,63,48,48", "Center": "24,28" },
	"character_superslot163_0x99":  { "File": "character_superslot163.bmp", "Rect": "539,63,48,48", "Center": "24,28" },
	"character_superslot163_0x9a":  { "File": "character_superslot163.bmp", "Rect": "591,63,48,48", "Center": "24,28" },
	"character_superslot163_0x90":  { "File": "character_superslot163.bmp", "Rect": "643,63,40,64", "Center": "20,32" },
	"character_superslot163_0x91":  { "File": "character_superslot163.bmp", "Rect": "687,63,40,64", "Center": "20,32" },
	"character_superslot163_0x92":  { "File": "character_superslot163.bmp", "Rect": "731,63,45,64", "Center": "16,26" },
	"character_superslot163_0x93":  { "File": "character_superslot163.bmp", "Rect": "781,63,40,64", "Center": "16,24" },
	"character_superslot163_0xc3":  { "File": "character_superslot163.bmp", "Rect": "3,112,48,64", "Center": "24,44" },
	"character_superslot163_0xc4":  { "File": "character_superslot163.bmp", "Rect": "56,122,48,64", "Center": "24,44" },
	"character_superslot163_0x30":  { "File": "character_superslot163.bmp", "Rect": "848,124,40,32", "Center": "19,17" },
	"character_superslot163_0x31":  { "File": "character_superslot163.bmp", "Rect": "4,192,48,48", "Center": "24,24" },
	"character_superslot163_0x32":  { "File": "character_superslot163.bmp", "Rect": "55,192,48,48", "Center": "24,24" },
	"character_superslot163_0x33":  { "File": "character_superslot163.bmp", "Rect": "108,192,48,48", "Center": "24,24" },
	"character_superslot163_0x163":  { "File": "character_superslot163.bmp", "Rect": "159,192,48,48", "Center": "24,24" },
	"character_superslot163_0x35":  { "File": "character_superslot163.bmp", "Rect": "211,192,48,48", "Center": "24,24" },
	"character_superslot163_0x36":  { "File": "character_superslot163.bmp", "Rect": "263,192,48,48", "Center": "24,24" },
	"character_superslot163_0x37":  { "File": "character_superslot163.bmp", "Rect": "315,192,48,48", "Center": "24,24" },
	"character_superslot163_0x38":  { "File": "character_superslot163.bmp", "Rect": "367,192,48,48", "Center": "24,24" },
	"character_superslot163_0x39":  { "File": "character_superslot163.bmp", "Rect": "419,192,48,48", "Center": "24,24" },
	"character_superslot163_0x3a":  { "File": "character_superslot163.bmp", "Rect": "471,192,48,48", "Center": "24,24" },
	"character_superslot163_0x3b":  { "File": "character_superslot163.bmp", "Rect": "3,244,48,48", "Center": "24,24" },
	"character_superslot163_0x3c":  { "File": "character_superslot163.bmp", "Rect": "55,244,48,48", "Center": "24,24" },
	"character_superslot163_0x3d":  { "File": "character_superslot163.bmp", "Rect": "107,244,48,48", "Center": "24,24" },
	"character_superslot163_0x3e":  { "File": "character_superslot163.bmp", "Rect": "159,244,48,48", "Center": "24,24" },
	"character_superslot163_0x3f":  { "File": "character_superslot163.bmp", "Rect": "211,244,48,48", "Center": "24,24" },
	"character_superslot163_0x40":  { "File": "character_superslot163.bmp", "Rect": "263,244,48,48", "Center": "24,24" },
	"character_superslot163_0x41":  { "File": "character_superslot163.bmp", "Rect": "315,244,48,48", "Center": "24,24" },
	"character_superslot163_0x42":  { "File": "character_superslot163.bmp", "Rect": "367,244,48,48", "Center": "24,24" },
	"character_superslot163_0x43":  { "File": "character_superslot163.bmp", "Rect": "419,244,48,48", "Center": "24,24" },
	"character_superslot163_0x44":  { "File": "character_superslot163.bmp", "Rect": "471,244,48,48", "Center": "24,24" },
	"character_superslot163_0x45":  { "File": "character_superslot163.bmp", "Rect": "3,296,48,48", "Center": "24,24" },
	"character_superslot163_0x46":  { "File": "character_superslot163.bmp", "Rect": "55,296,48,48", "Center": "24,24" },
	"character_superslot163_0x47":  { "File": "character_superslot163.bmp", "Rect": "107,296,48,48", "Center": "24,24" },
	"character_superslot163_0x48":  { "File": "character_superslot163.bmp", "Rect": "159,296,48,48", "Center": "24,24" },
	"character_superslot163_0x49":  { "File": "character_superslot163.bmp", "Rect": "211,296,48,48", "Center": "24,24" },
	"character_superslot163_0x4a":  { "File": "character_superslot163.bmp", "Rect": "263,296,48,48", "Center": "24,24" },
	"character_superslot163_0x4b":  { "File": "character_superslot163.bmp", "Rect": "315,296,48,48", "Center": "24,24" },
	"character_superslot163_0x4c":  { "File": "character_superslot163.bmp", "Rect": "419,296,48,48", "Center": "24,24" },
	"character_superslot163_0x4d":  { "File": "character_superslot163.bmp", "Rect": "471,296,48,48", "Center": "24,24" },
	"character_superslot163_0x4e":  { "File": "character_superslot163.bmp", "Rect": "3,296,48,48", "Center": "24,24" },
	"character_superslot163_0x4f":  { "File": "character_superslot163.bmp", "Rect": "55,0,48,790", "Center": "24,24" },
	"character_superslot163_0x50":  { "File": "character_superslot163.bmp", "Rect": "107,0,48,790", "Center": "24,24" },
	"character_superslot163_0x51":  { "File": "character_superslot163.bmp", "Rect": "159,0,48,790", "Center": "24,24" },
	"character_superslot163_0x52":  { "File": "character_superslot163.bmp", "Rect": "211,0,48,790", "Center": "24,24" },
	"character_superslot163_0x53":  { "File": "character_superslot163.bmp", "Rect": "263,0,48,790", "Center": "24,24" },
	"character_superslot163_0x54":  { "File": "character_superslot163.bmp", "Rect": "315,0,48,790", "Center": "24,24" },
	"character_superslot163_0xa1":  { "File": "character_superslot163.bmp", "Rect": "435,3,48,64", "Center": "24,44" },
	"character_superslot163_0xa2":  { "File": "character_superslot163.bmp", "Rect": "435,3,48,64", "Center": "24,44" },
	"character_superslot163_0xa3":  { "File": "character_superslot163.bmp", "Rect": "435,3,48,64", "Center": "24,44" },
	"character_superslot163_0xa4":  { "File": "character_superslot163.bmp", "Rect": "435,3,48,64", "Center": "24,44" },
	"character_superslot163_0xa5":  { "File": "character_superslot163.bmp", "Rect": "435,3,48,64", "Center": "24,44" },
	"character_superslot163_0xa6":  { "File": "character_superslot163.bmp", "Rect": "435,3,48,64", "Center": "24,44" },
	"character_superslot163_0x8c":  { "File": "character_superslot163.bmp", "Rect": "108,112,48,40", "Center": "24,20" },
	"character_superslot163_0x8d":  { "File": "character_superslot163.bmp", "Rect": "161,112,48,40", "Center": "24,20" },
	"character_superslot163_0xa7":  { "File": "character_superslot163.bmp", "Rect": "215,112,48,40", "Center": "24,20" },
	"character_superslot163_0xa9":  { "File": "character_superslot163.bmp", "Rect": "266,112,48,40", "Center": "24,20" },
	"character_superslot163_0xd2":  { "File": "character_superslot163.bmp", "Rect": "319,112,48,48", "Center": "24,24" },
	"character_superslot163_0xd3":  { "File": "character_superslot163.bmp", "Rect": "371,115,32,64", "Center": "16,32" },
	"character_superslot163_0xd4":  { "File": "character_superslot163.bmp", "Rect": "407,115,32,64", "Center": "16,32" },
	"character_superslot163_0xd5":  { "File": "character_superslot163.bmp", "Rect": "443,115,32,64", "Center": "16,32" },
	"character_superslot163_0xd6":  { "File": "character_superslot163.bmp", "Rect": "479,115,32,64", "Center": "16,32" },
	"character_superslot163_0xb6":  { "File": "character_superslot163.bmp", "Rect": "318,60,48,48", "Center": "24,28" },
	"character_superslot163_0xb7":  { "File": "character_superslot163.bmp", "Rect": "370,60,48,48", "Center": "24,28" },
	"character_superslot163_0xb8":  { "File": "character_superslot163.bmp", "Rect": "487,63,48,48", "Center": "24,28" },
	"character_superslot163_0xb9":  { "File": "character_superslot163.bmp", "Rect": "539,63,48,48", "Center": "24,28" },
	"character_superslot163_0xb0":  { "File": "character_superslot163.bmp", "Rect": "642,130,48,64", "Center": "24,43" },
	"character_superslot163_0xb1":  { "File": "character_superslot163.bmp", "Rect": "696,130,40,64", "Center": "18,43" },
	"character_superslot163_0xb2":  { "File": "character_superslot163.bmp", "Rect": "738,130,40,64", "Center": "20,43" },
	"character_superslot163_0xb3":  { "File": "character_superslot163.bmp", "Rect": "782,130,40,64", "Center": "20,43" },
	"character_superslot163_0x78":  { "File": "character_superslot163.bmp", "Rect": "643,63,40,64", "Center": "20,43" },
	"character_superslot163_0x9d":  { "File": "character_superslot163.bmp", "Rect": "641,198,49,56", "Center": "24,36" },
	"character_superslot163_0x9e":  { "File": "character_superslot163.bmp", "Rect": "694,198,49,56", "Center": "24,36" },
	"character_superslot163_0x9f":  { "File": "character_superslot163.bmp", "Rect": "746,198,49,56", "Center": "24,36" },
	"character_superslot163_0xa0":  { "File": "character_superslot163.bmp", "Rect": "798,198,49,56", "Center": "24,36" },
	"character_superslot163_0x55":  { "File": "character_superslot163.bmp", "Rect": "524,280,48,64", "Center": "24,45" },
	"character_superslot163_0x56":  { "File": "character_superslot163.bmp", "Rect": "576,280,40,64", "Center": "20,45" },
	"character_superslot163_0x57":  { "File": "character_superslot163.bmp", "Rect": "620,280,32,64", "Center": "16,45" },
	"character_superslot163_0x58":  { "File": "character_superslot163.bmp", "Rect": "656,280,40,64", "Center": "20,45" },
	"character_superslot163_0x59":  { "File": "character_superslot163.bmp", "Rect": "700,280,32,64", "Center": "16,45" },
	"character_superslot163_0x5a":  { "File": "character_superslot163.bmp", "Rect": "736,280,32,64", "Center": "16,45" },
	"character_superslot163_0x5b":  { "File": "character_superslot163.bmp", "Rect": "772,280,40,64", "Center": "20,45" },
	"character_superslot163_0xc8":  { "File": "character_superslot163.bmp", "Rect": "3,3,50,53", "Center": "25,33" },
	"character_superslot163_0xc9":  { "File": "character_superslot163.bmp", "Rect": "3,3,50,53", "Center": "25,33" },
	"character_superslot163_0xca":  { "File": "character_superslot163.bmp", "Rect": "3,3,50,53", "Center": "25,33" },
	"character_superslot163_0xcb":  { "File": "character_superslot163.bmp", "Rect": "3,3,50,53", "Center": "25,33" },
	"character_superslot163_0xcc":  { "File": "character_superslot163.bmp", "Rect": "3,3,50,53", "Center": "25,33" },
	"character_superslot163_0xcd":  { "File": "character_superslot163.bmp", "Rect": "3,3,50,53", "Center": "25,33" },
	"character_superslot163_0xce":  { "File": "character_superslot163.bmp", "Rect": "3,3,50,53", "Center": "25,33" },
	"character_superslot163_0xcf":  { "File": "character_superslot163.bmp", "Rect": "3,3,50,53", "Center": "25,33" },
	"character_superslot163_0x69":  { "File": "character_superslot163.bmp", "Rect": "318,60,48,48", "Center": "24,28" },
	"character_superslot163_0x6a":  { "File": "character_superslot163.bmp", "Rect": "370,60,48,48", "Center": "24,28" },
	"character_superslot163_0x6b":  { "File": "character_superslot163.bmp", "Rect": "487,63,48,48", "Center": "24,28" },
	"character_superslot163_0x6c":  { "File": "character_superslot163.bmp", "Rect": "539,63,48,48", "Center": "24,28" },
	"character_superslot163_0x6d":  { "File": "character_superslot163.bmp", "Rect": "591,63,48,48", "Center": "24,28" },
	"character_superslot163_0x6e":  { "File": "character_superslot163.bmp", "Rect": "318,60,48,48", "Center": "24,28" },
	"character_superslot163_0x6f":  { "File": "character_superslot163.bmp", "Rect": "370,60,48,48", "Center": "24,28" },
	"character_superslot163_0x70":  { "File": "character_superslot163.bmp", "Rect": "487,63,48,48", "Center": "24,28" },
	"character_superslot163_0x71":  { "File": "character_superslot163.bmp", "Rect": "539,63,48,48", "Center": "24,28" },
	"character_superslot163_0x72":  { "File": "character_superslot163.bmp", "Rect": "591,63,48,48", "Center": "24,28" },
	"character_superslot163_0x73":  { "File": "character_superslot163.bmp", "Rect": "318,60,48,48", "Center": "24,28" },
	"character_superslot163_0x74":  { "File": "character_superslot163.bmp", "Rect": "370,60,48,48", "Center": "24,28" },
	"character_superslot163_0x75":  { "File": "character_superslot163.bmp", "Rect": "487,63,48,48", "Center": "24,28" },
	"character_superslot163_0x76":  { "File": "character_superslot163.bmp", "Rect": "539,63,48,48", "Center": "24,28" },
	"character_superslot163_0x77":  { "File": "character_superslot163.bmp", "Rect": "591,63,48,48", "Center": "24,28" },
	"character_superslot163_0x5c":  { "File": "character_superslot163.bmp", "Rect": "318,60,48,48", "Center": "24,28" },
	"character_superslot163_0x5d":  { "File": "character_superslot163.bmp", "Rect": "370,60,48,48", "Center": "24,28" },
	"character_superslot163_0x5e":  { "File": "character_superslot163.bmp", "Rect": "487,63,48,48", "Center": "24,28" },
	"character_superslot163_0x5f":  { "File": "character_superslot163.bmp", "Rect": "539,63,48,48", "Center": "24,28" },
	"character_superslot163_0x60":  { "File": "character_superslot163.bmp", "Rect": "591,63,48,48", "Center": "24,28" },
	"character_superslot163_0x61":  { "File": "character_superslot163.bmp", "Rect": "318,60,48,48", "Center": "24,28" },
	"character_superslot163_0x62":  { "File": "character_superslot163.bmp", "Rect": "370,60,48,48", "Center": "24,28" },
	"character_superslot163_0x63":  { "File": "character_superslot163.bmp", "Rect": "487,63,48,48", "Center": "24,28" },
	"character_superslot163_0x64":  { "File": "character_superslot163.bmp", "Rect": "539,63,48,48", "Center": "24,28" },
	"character_superslot163_0x65":  { "File": "character_superslot163.bmp", "Rect": "591,63,48,48", "Center": "24,28" },
	"character_superslot163_0x66":  { "File": "character_superslot163.bmp", "Rect": "318,60,48,48", "Center": "24,28" },
	"character_superslot163_0x67":  { "File": "character_superslot163.bmp", "Rect": "370,60,48,48", "Center": "24,28" },
	"character_superslot163_0x68":  { "File": "character_superslot163.bmp", "Rect": "487,63,48,48", "Center": "24,28" },
	"character_superslot163_0xda":  { "File": "character_superslot163.bmp", "Rect": "539,63,48,48", "Center": "24,28" },
	"character_superslot163_0xdb":  { "File": "character_superslot163.bmp", "Rect": "591,63,48,48", "Center": "24,28" },
	"character_superslot163_0xdc":  { "File": "character_superslot163.bmp", "Rect": "318,60,48,48", "Center": "24,28" },
	"character_superslot163_0xdd":  { "File": "character_superslot163.bmp", "Rect": "370,60,48,48", "Center": "24,28" },
	"character_superslot163_0xde":  { "File": "character_superslot163.bmp", "Rect": "487,63,48,48", "Center": "24,28" },
	"character_superslot163_0xdf":  { "File": "character_superslot163.bmp", "Rect": "539,63,48,48", "Center": "24,28" },
	"character_superslot163_0xe0":  { "File": "character_superslot163.bmp", "Rect": "591,63,48,48", "Center": "24,28" },
	"character_superslot163_0xe1":  { "File": "character_superslot163.bmp", "Rect": "318,60,48,48", "Center": "24,28" },
	"character_superslot163_0xe2":  { "File": "character_superslot163.bmp", "Rect": "370,60,48,48", "Center": "24,28" },
	"character_superslot163_0xe3":  { "File": "character_superslot163.bmp", "Rect": "487,63,48,48", "Center": "24,28" },
	"character_superslot163_0xee":  { "File": "character_superslot163.bmp", "Rect": "539,63,48,48", "Center": "24,28" },
	"character_superslot163_0xef":  { "File": "character_superslot163.bmp", "Rect": "591,63,48,48", "Center": "24,28" },
	"character_superslot163_0xf0":  { "File": "character_superslot163.bmp", "Rect": "318,60,48,48", "Center": "24,28" },
	"character_superslot163_0xf1":  { "File": "character_superslot163.bmp", "Rect": "370,60,48,48", "Center": "24,28" },
	"character_superslot163_0xf2":  { "File": "character_superslot163.bmp", "Rect": "487,63,48,48", "Center": "24,28" },
	"character_superslot163_0xf3":  { "File": "character_superslot163.bmp", "Rect": "539,63,48,48", "Center": "24,28" },
	"character_superslot163_0xf4":  { "File": "character_superslot163.bmp", "Rect": "591,63,48,48", "Center": "24,28" },
	"character_superslot163_0xf5":  { "File": "character_superslot163.bmp", "Rect": "318,60,48,48", "Center": "24,28" },
	"character_superslot163_0xf6":  { "File": "character_superslot163.bmp", "Rect": "370,60,48,48", "Center": "24,28" },
	"character_superslot163_0xf7":  { "File": "character_superslot163.bmp", "Rect": "487,63,48,48", "Center": "24,28" },
	"character_superslot163_0xf8":  { "File": "character_superslot163.bmp", "Rect": "539,63,48,48", "Center": "24,28" },
	"character_superslot163_0xf9":  { "File": "character_superslot163.bmp", "Rect": "591,63,48,48", "Center": "24,28" },
	"character_superslot163_0xfa":  { "File": "character_superslot163.bmp", "Rect": "318,60,48,48", "Center": "24,28" },
	"character_superslot163_0x8e":  { "File": "character_superslot163.bmp", "Rect": "532,118,35,65", "Center": "12,32" },
	"character_superslot163_0x94":  { "File": "character_superslot163.bmp", "Rect": "530,192,40,64", "Center": "20,32" },
	"character_superslot163_0x95":  { "File": "character_superslot163.bmp", "Rect": "575,192,40,64", "Center": "20,32" },
	"character_superslot163_0x80":  { "File": "character_superslot163.bmp", "Rect": "591,63,48,48", "Center": "24,28" },
	"character_superslot163_0x81":  { "File": "character_superslot163.bmp", "Rect": "318,60,48,48", "Center": "24,28" },
	"character_superslot163_0x82":  { "File": "character_superslot163.bmp", "Rect": "370,60,48,48", "Center": "24,28" },
	"character_superslot163_0x83":  { "File": "character_superslot163.bmp", "Rect": "487,63,48,48", "Center": "24,28" },
	"character_superslot163_0x84":  { "File": "character_superslot163.bmp", "Rect": "539,63,48,48", "Center": "24,28" },
	"character_superslot163_0x85":  { "File": "character_superslot163.bmp", "Rect": "591,63,48,48", "Center": "24,28" },
	"character_superslot163_0xe4":  { "File": "character_superslot163.bmp", "Rect": "2,400,48,64", "Center": "24,32" },
	"character_superslot163_0xe5":  { "File": "character_superslot163.bmp", "Rect": "54,400,40,64", "Center": "20,32" },
	"character_superslot163_0xe6":  { "File": "character_superslot163.bmp", "Rect": "98,400,32,64", "Center": "16,32" },
	"character_superslot163_0xe7":  { "File": "character_superslot163.bmp", "Rect": "0,400,307,64", "Center": "20,32" },
	"character_superslot163_0xe8":  { "File": "character_superslot163.bmp", "Rect": "178,400,32,64", "Center": "16,32" },
	"character_superslot163_0xe9":  { "File": "character_superslot163.bmp", "Rect": "213,400,32,64", "Center": "16,32" },
	"character_superslot163_0xea":  { "File": "character_superslot163.bmp", "Rect": "249,400,40,64", "Center": "20,32" },
	"character_superslot163_0xeb":  { "File": "character_superslot163.bmp", "Rect": "290,400,48,64", "Center": "24,32" },
	"character_superslot163_0xd0":  { "File": "character_superslot163.bmp", "Rect": "108,112,48,40", "Center": "24,20" },
	"character_superslot163_0xd1":  { "File": "character_superslot163.bmp", "Rect": "161,112,48,40", "Center": "24,20" },
	"character_superslot163_0xd7":  { "File": "character_superslot163.bmp", "Rect": "108,112,48,40", "Center": "24,20" },
	"character_superslot163_0xd8":  { "File": "character_superslot163.bmp", "Rect": "161,112,48,40", "Center": "24,20" },
	"character_superslot163_0xbb":  { "File": "character_superslot163.bmp", "Rect": "435,3,48,64", "Center": "24,44" },
	"character_superslot163_0xbc":  { "File": "character_superslot163.bmp", "Rect": "435,3,48,64", "Center": "24,44" },
	"character_superslot163_0xbd":  { "File": "character_superslot163.bmp", "Rect": "435,3,48,64", "Center": "24,44" },
	"character_superslot163_0xbe":  { "File": "character_superslot163.bmp", "Rect": "435,3,48,64", "Center": "24,44" },
	"character_superslot163_0xad":  { "File": "character_superslot163.bmp", "Rect": "435,3,48,64", "Center": "24,44" },
	"character_superslot163_0xae":  { "File": "character_superslot163.bmp", "Rect": "435,3,48,64", "Center": "24,44" },
	"character_superslot163_0xaf":  { "File": "character_superslot163.bmp", "Rect": "435,3,48,64", "Center": "24,44" },
	"character_superslot163_0xd9":  { "File": "character_superslot163.bmp", "Rect": "435,3,48,64", "Center": "24,44" }
}